{
  "test_vertical_rect": [[[0,0], [0,2], [1,2], [1,0], [0,0]]],
  "test_horizontal_rect": [[[0,0], [0,1], [2,1], [2,0], [0,0]]],
  "test_perfect_square": [[[0,0], [0,1], [1,1], [1,0], [0,0]]],
  "test_reagan_county_tx": [[
    [
      -101.775802,
      31.651318999999997
    ],
    [
      -101.267122,
      31.650854
    ],
    [
      -101.26763,
      31.556462
    ],
    [
      -101.267947,
      31.528688
    ],
    [
      -101.274799,
      31.079379
    ],
    [
      -101.776191,
      31.079784
    ],
    [
      -101.775802,
      31.651318999999997
    ]
  ]]
}