{
  "test_vertical_rect": [[[0,0], [0,2], [1,2], [1,0], [0,0]]],
  "test_horizontal_rect": [[[0,0], [0,1], [2,1], [2,0], [0,0]]],
  "test_perfect_square": [[[0,0], [0,1], [1,1], [1,0], [0,0]]],

  "test_imperfect_horizontal_rect": [[
    [0,0],
    [0,1],
    [2,1],
    [2,0.005],
    [1,0.005],
    [1,0],
    [0,0]
  ]],

  "test_reagan_county_tx": [[
    [
      -101.775802,
      31.651318999999997
    ],
    [
      -101.267122,
      31.650854
    ],
    [
      -101.26763,
      31.556462
    ],
    [
      -101.267947,
      31.528688
    ],
    [
      -101.274799,
      31.079379
    ],
    [
      -101.776191,
      31.079784
    ],
    [
      -101.775802,
      31.651318999999997
    ]
  ]],
  "test_childress_county_tx": [[
    [
      -100.415895,
      34.747524999999996
    ],
    [
      -100.00038219481601,
      34.7463605525616
    ],
    [
      -100.000381,
      34.560508999999996
    ],
    [
      -99.997629328163,
      34.5611366245601
    ],
    [
      -99.99772,
      34.311828999999996
    ],
    [
      -100.417783,
      34.313524
    ],
    [
      -100.415895,
      34.747524999999996
    ]
  ]]
}